id,pagerank
4037,32.7613925903508
15,26.253004957619474
6634,26.164524434886495
2625,23.511515933026384
2398,18.728389390669687
