id,pagerank
4037,32.7613925903508
15,26.253004957619474
