id,pagerank
6634,26.164524434886495
2625,23.511515933026384
2398,18.728389390669687
